{
    "O3P_distances": {
        "mean": 1.6805474573573254,
        "std_dev": 1.4973843304232972,
        "count": 3105441
    },
    "O3P_O5_angles": {
        "mean": 103.71694259802273,
        "std_dev": 3.2407841777974657,
        "count": 3105441
    }
}